<!-- Copyright 2021 DeepMind Technologies Limited

     Licensed under the Apache License, Version 2.0 (the "License");
     you may not use this file except in compliance with the License.
     You may obtain a copy of the License at

         http://www.apache.org/licenses/LICENSE-2.0

     Unless required by applicable law or agreed to in writing, software
     distributed under the License is distributed on an "AS IS" BASIS,
     WITHOUT WARRANTIES OR CONDITIONS OF ANY KIND, either express or implied.
     See the License for the specific language governing permissions and
     limitations under the License.
-->

<mujoco model="2D grid">

    <include file="scene.xml"/>

    <size nconmax="300" njmax="1000" nstack="1000000"/>

    <worldbody>
        <composite type="grid" count="9 9 1" spacing="0.05" offset="0 0 1">
            <skin material="matcarpet" inflate="0.001" subgrid="3" texcoord="true"/>
            <geom size=".02"/>
        </composite>
    </worldbody>
</mujoco>
